<ImportExportXml version="9.2.23121.190" SolutionPackageVersion="9.2" languagecode="1033" generatedBy="CrmLive" xmlns:xsi="http://www.w3.org/2001/XMLSchema-instance">
  <SolutionManifest>
    <UniqueName>KPITracker2000</UniqueName>
    <LocalizedNames>
      <LocalizedName description="Circular 88" languagecode="1033" />
    </LocalizedNames>
    <Descriptions />
    <Version>1.0.0.10</Version>
    <Managed>1</Managed>
    <Publisher>
      <UniqueName>contoso</UniqueName>
      <LocalizedNames>
        <LocalizedName description="Contoso" languagecode="1033" />
      </LocalizedNames>
      <Descriptions />
      <EMailAddress xsi:nil="true"></EMailAddress>
      <SupportingWebsiteUrl xsi:nil="true"></SupportingWebsiteUrl>
      <CustomizationPrefix>contoso</CustomizationPrefix>
      <CustomizationOptionValuePrefix>46327</CustomizationOptionValuePrefix>
      <Addresses>
        <Address>
          <AddressNumber>1</AddressNumber>
          <AddressTypeCode>1</AddressTypeCode>
          <City xsi:nil="true"></City>
          <County xsi:nil="true"></County>
          <Country xsi:nil="true"></Country>
          <Fax xsi:nil="true"></Fax>
          <FreightTermsCode xsi:nil="true"></FreightTermsCode>
          <ImportSequenceNumber xsi:nil="true"></ImportSequenceNumber>
          <Latitude xsi:nil="true"></Latitude>
          <Line1 xsi:nil="true"></Line1>
          <Line2 xsi:nil="true"></Line2>
          <Line3 xsi:nil="true"></Line3>
          <Longitude xsi:nil="true"></Longitude>
          <Name xsi:nil="true"></Name>
          <PostalCode xsi:nil="true"></PostalCode>
          <PostOfficeBox xsi:nil="true"></PostOfficeBox>
          <PrimaryContactName xsi:nil="true"></PrimaryContactName>
          <ShippingMethodCode>1</ShippingMethodCode>
          <StateOrProvince xsi:nil="true"></StateOrProvince>
          <Telephone1 xsi:nil="true"></Telephone1>
          <Telephone2 xsi:nil="true"></Telephone2>
          <Telephone3 xsi:nil="true"></Telephone3>
          <TimeZoneRuleVersionNumber xsi:nil="true"></TimeZoneRuleVersionNumber>
          <UPSZone xsi:nil="true"></UPSZone>
          <UTCOffset xsi:nil="true"></UTCOffset>
          <UTCConversionTimeZoneCode xsi:nil="true"></UTCConversionTimeZoneCode>
        </Address>
        <Address>
          <AddressNumber>2</AddressNumber>
          <AddressTypeCode>1</AddressTypeCode>
          <City xsi:nil="true"></City>
          <County xsi:nil="true"></County>
          <Country xsi:nil="true"></Country>
          <Fax xsi:nil="true"></Fax>
          <FreightTermsCode xsi:nil="true"></FreightTermsCode>
          <ImportSequenceNumber xsi:nil="true"></ImportSequenceNumber>
          <Latitude xsi:nil="true"></Latitude>
          <Line1 xsi:nil="true"></Line1>
          <Line2 xsi:nil="true"></Line2>
          <Line3 xsi:nil="true"></Line3>
          <Longitude xsi:nil="true"></Longitude>
          <Name xsi:nil="true"></Name>
          <PostalCode xsi:nil="true"></PostalCode>
          <PostOfficeBox xsi:nil="true"></PostOfficeBox>
          <PrimaryContactName xsi:nil="true"></PrimaryContactName>
          <ShippingMethodCode>1</ShippingMethodCode>
          <StateOrProvince xsi:nil="true"></StateOrProvince>
          <Telephone1 xsi:nil="true"></Telephone1>
          <Telephone2 xsi:nil="true"></Telephone2>
          <Telephone3 xsi:nil="true"></Telephone3>
          <TimeZoneRuleVersionNumber xsi:nil="true"></TimeZoneRuleVersionNumber>
          <UPSZone xsi:nil="true"></UPSZone>
          <UTCOffset xsi:nil="true"></UTCOffset>
          <UTCConversionTimeZoneCode xsi:nil="true"></UTCConversionTimeZoneCode>
        </Address>
      </Addresses>
    </Publisher>
    <RootComponents>
      <RootComponent type="1" schemaName="aaduser" behavior="1" />
      <RootComponent type="1" schemaName="contoso_businessunit" behavior="0" />
      <RootComponent type="1" schemaName="contoso_dataelement" behavior="0" />
      <RootComponent type="1" schemaName="contoso_dataelementdefinition" behavior="0" />
      <RootComponent type="1" schemaName="contoso_indicatorunitofmeasure" behavior="0" />
      <RootComponent type="1" schemaName="contoso_kpimanagersetting" behavior="0" />
      <RootComponent type="1" schemaName="contoso_performanceindicator" behavior="0" />
      <RootComponent type="1" schemaName="contoso_performanceindicatordefinition" behavior="0" />
      <RootComponent type="1" schemaName="contoso_reportcollection" behavior="0" />
      <RootComponent type="1" schemaName="systemuser" behavior="1" />
      <RootComponent type="9" schemaName="contoso_aim" behavior="0" />
      <RootComponent type="9" schemaName="contoso_kpimeasurementperiod" behavior="0" />
      <RootComponent type="9" schemaName="contoso_kpireportingfrequency" behavior="0" />
      <RootComponent type="9" schemaName="contoso_kpireportingyear" behavior="0" />
      <RootComponent type="20" id="{5070953f-b4b6-ee11-a569-000d3a25b1bb}" behavior="0" />
      <RootComponent type="20" id="{93f17165-b6b6-ee11-a569-000d3a25b1bb}" behavior="0" />
      <RootComponent type="20" id="{c376ba1a-b4b6-ee11-a569-000d3a25b1bb}" behavior="0" />
      <RootComponent type="29" id="{27e4d070-acaf-ee11-a569-000d3a25b1bb}" behavior="0" />
      <RootComponent type="29" id="{38d04b23-b9af-ee11-a569-000d3a25b1bb}" behavior="0" />
      <RootComponent type="29" id="{8f8f1bbc-acaf-ee11-a569-000d3a25b1bb}" behavior="0" />
      <RootComponent type="29" id="{e78f4365-9bb6-ee11-a569-000d3a25b1bb}" behavior="0" />
      <RootComponent type="29" id="{fcf6180b-a5b3-ee11-a569-000d3a25b1bb}" behavior="0" />
      <RootComponent type="29" id="{ff20453b-60b4-ee11-a569-000d3a24db4c}" behavior="0" />
      <RootComponent type="60" id="{4594976f-54b1-ee11-a569-000d3a25b1bb}" behavior="0" />
      <RootComponent type="61" schemaName="contoso_blueroboticon" behavior="0" />
      <RootComponent type="61" schemaName="contoso_boxicon" behavior="0" />
      <RootComponent type="61" schemaName="contoso_calendaricon" behavior="0" />
      <RootComponent type="61" schemaName="contoso_ClipboardpencilIcon" behavior="0" />
      <RootComponent type="61" schemaName="contoso_DataElementIcon" behavior="0" />
      <RootComponent type="61" schemaName="contoso_gearicon" behavior="0" />
      <RootComponent type="61" schemaName="contoso_greenroboticon" behavior="0" />
      <RootComponent type="61" schemaName="contoso_HierachyIcon" behavior="0" />
      <RootComponent type="61" schemaName="contoso_orangeroboticon" behavior="0" />
      <RootComponent type="61" schemaName="contoso_redroboticon" behavior="0" />
      <RootComponent type="61" schemaName="contoso_robotkpiicon" behavior="0" />
      <RootComponent type="61" schemaName="contoso_TemplateIcon" behavior="0" />
      <RootComponent type="62" schemaName="contoso_KPITracker" behavior="0" />
      <RootComponent type="80" schemaName="contoso_KPITracker" behavior="0" />
      <RootComponent type="300" schemaName="contoso_allindicators_b76b8" behavior="0" />
      <RootComponent type="300" schemaName="contoso_indicatortracker_95fac" behavior="0" />
      <RootComponent type="372" id="{2afb7375-1940-4db4-a932-b44860682276}" schemaName="contoso_5Fmath-20calculator" behavior="0" />
    </RootComponents>
    <MissingDependencies>
      <MissingDependency>
        <Required type="1" schemaName="aaduser" displayName="Microsoft Entra ID" solution="MetadataExtension (1.0.2.85)" />
        <Dependent type="1" schemaName="aaduser" displayName="Microsoft Entra ID" />
      </MissingDependency>
      <MissingDependency>
        <Required type="61" schemaName="msdyn_/Images/AppModule_Default_Icon.png" displayName="msdyn_/Images/AppModule_Default_Icon.png" solution="AppModuleWebResources (2.5)" />
        <Dependent type="80" schemaName="contoso_KPITracker" displayName="Circular 88 Manager" />
      </MissingDependency>
      <MissingDependency>
        <Required type="66" schemaName="MscrmControls.Grid.PCFGridControl" displayName="MscrmControls.Grid.PCFGridControl" solution="BaseCustomControlsCore (9.0.2311.4034)" />
        <Dependent type="26" schemaName="All Data Elements" displayName="All Data Elements" parentSchemaName="contoso_dataelement" parentDisplayName="Data Element" id="{6cab9558-4e51-470d-b585-6f5b9d0d6932}" />
      </MissingDependency>
      <MissingDependency>
        <Required type="66" schemaName="MscrmControls.Grid.PCFGridControl" displayName="MscrmControls.Grid.PCFGridControl" solution="BaseCustomControlsCore (9.0.2311.4034)" />
        <Dependent type="60" displayName="Information" parentDisplayName="Performance Indicator Definition" id="{cb2d09bb-a5f2-49a9-97ec-16fca0b53d35}" />
      </MissingDependency>
    </MissingDependencies>
  </SolutionManifest>
</ImportExportXml>