{"swagger":"2.0","info":{"title":"Default title","description":"Calculates result from a math formula as a string","version":"1.0"},"host":"www.bing.com","basePath":"/","schemes":["https"],"consumes":[],"produces":[],"paths":{"/www.bing.com":{"post":{"responses":{"default":{"description":"default","schema":{"type":"object","properties":{"Result":{"type":"number","format":"float","description":"Result","title":"Result"}}}}},"summary":"Run Calculation","description":"Run Calculation","operationId":"RunCalculation","parameters":[{"name":"body","in":"body","required":false,"schema":{"type":"object","properties":{"Formula":{"type":"string","description":"Formula","title":""}},"required":["Formula"]}}]}}},"definitions":{},"parameters":{},"responses":{},"securityDefinitions":{},"security":[],"tags":[]}