{
  "properties": {
    "connectionReferences": {
      "shared_commondataserviceforapps": {
        "runtimeSource": "embedded",
        "connection": {
          "connectionReferenceLogicalName": "contoso_DVReference"
        },
        "api": {
          "name": "shared_commondataserviceforapps"
        }
      },
      "shared_contoso-5fmath-20calculator-5fe3553f3d2d9ffd3b": {
        "runtimeSource": "embedded",
        "connection": {
          "connectionReferenceLogicalName": "new_sharedcontoso5fmath20calculator5fe3553f3d2d9ffd3b_21b8d"
        },
        "api": {
          "name": "shared_contoso-5fmath-20calculator-5fe3553f3d2d9ffd3b",
          "logicalName": "contoso_5Fmath-20calculator"
        }
      }
    },
    "definition": {
      "$schema": "https://schema.management.azure.com/providers/Microsoft.Logic/schemas/2016-06-01/workflowdefinition.json#",
      "contentVersion": "1.0.0.0",
      "parameters": {
        "$authentication": {
          "defaultValue": {},
          "type": "SecureObject"
        },
        "$connections": {
          "defaultValue": {},
          "type": "Object"
        }
      },
      "triggers": {
        "When_element_collection_status_is_complete": {
          "metadata": {
            "operationMetadataId": "95093c01-9bc3-43d0-b830-740ce3cad329"
          },
          "type": "OpenApiConnectionWebhook",
          "inputs": {
            "parameters": {
              "subscriptionRequest/message": 3,
              "subscriptionRequest/entityname": "contoso_performanceindicator",
              "subscriptionRequest/scope": 4,
              "subscriptionRequest/filteringattributes": "contoso_elementcollectionstatus",
              "subscriptionRequest/filterexpression": "contoso_elementcollectionstatus eq 463270000",
              "subscriptionRequest/runas": 3,
              "subscriptionRequest/name": "e78f4365-9bb6-ee11-a569-000d3a25b1bb"
            },
            "host": {
              "apiId": "/providers/Microsoft.PowerApps/apis/shared_commondataserviceforapps",
              "operationId": "SubscribeWebhookTrigger",
              "connectionName": "shared_commondataserviceforapps"
            }
          }
        }
      },
      "actions": {
        "Initialize_Rollup_Formula_variable": {
          "runAfter": {},
          "metadata": {
            "operationMetadataId": "4ca2bdc4-5892-4e5e-8aa9-577600ea10be"
          },
          "type": "InitializeVariable",
          "inputs": {
            "variables": [
              {
                "name": "Rollup Formula",
                "type": "string",
                "value": "@triggerOutputs()?['body/contoso_dataelementcalculationexpression']"
              }
            ]
          }
        },
        "Initialize_Tmp_Rollup_Formula_variable": {
          "runAfter": {
            "Initialize_Rollup_Formula_variable": [
              "Succeeded"
            ]
          },
          "metadata": {
            "operationMetadataId": "b4e40c9d-c875-4f04-a63b-052119962712"
          },
          "type": "InitializeVariable",
          "inputs": {
            "variables": [
              {
                "name": "Tmp Rollup Formula",
                "type": "string"
              }
            ]
          }
        },
        "Condition": {
          "actions": {
            "Get_related_data_elements": {
              "metadata": {
                "operationMetadataId": "bdc78584-b12b-47bb-af57-b675b732955e"
              },
              "type": "OpenApiConnection",
              "inputs": {
                "parameters": {
                  "entityName": "contoso_dataelements",
                  "$filter": "_contoso_performanceindicator_value eq '@{triggerOutputs()?['body/contoso_performanceindicatorid']}'"
                },
                "host": {
                  "apiId": "/providers/Microsoft.PowerApps/apis/shared_commondataserviceforapps",
                  "operationId": "ListRecords",
                  "connectionName": "shared_commondataserviceforapps"
                }
              }
            },
            "Apply_to_each": {
              "foreach": "@outputs('Get_related_data_elements')?['body/value']",
              "actions": {
                "Set_Tmp_Rollup_Formula_variable": {
                  "metadata": {
                    "operationMetadataId": "c4acc6b7-194c-496f-aaa2-e153e6dd1fdf"
                  },
                  "type": "SetVariable",
                  "inputs": {
                    "name": "Tmp Rollup Formula",
                    "value": "@{replace(variables('Rollup Formula'),Concat('{',items('Apply_to_each')?['contoso_itemnumber'],'}'),string(items('Apply_to_each')?['contoso_value']))}"
                  }
                },
                "Set_Rollup_Formula_variable": {
                  "runAfter": {
                    "Set_Tmp_Rollup_Formula_variable": [
                      "Succeeded"
                    ]
                  },
                  "metadata": {
                    "operationMetadataId": "7303ecb7-cda7-4136-b435-28352036e7ce"
                  },
                  "type": "SetVariable",
                  "inputs": {
                    "name": "Rollup Formula",
                    "value": "@variables('Tmp Rollup Formula')"
                  }
                }
              },
              "runAfter": {
                "Get_related_data_elements": [
                  "Succeeded"
                ]
              },
              "metadata": {
                "operationMetadataId": "39c41689-cde7-4fbd-85af-db5dd1253c89"
              },
              "type": "Foreach",
              "runtimeConfiguration": {
                "concurrency": {
                  "repetitions": 1
                }
              }
            },
            "If_formula_is_usable": {
              "actions": {
                "Run_Calculation": {
                  "metadata": {
                    "operationMetadataId": "7b727b32-9367-4412-93c3-b0ebc1fac815"
                  },
                  "type": "OpenApiConnection",
                  "inputs": {
                    "parameters": {
                      "body/Formula": "@variables('Rollup Formula')"
                    },
                    "host": {
                      "apiId": "/providers/Microsoft.PowerApps/apis/shared_contoso-5fmath-20calculator-5fe3553f3d2d9ffd3b",
                      "operationId": "RunCalculation",
                      "connectionName": "shared_contoso-5fmath-20calculator-5fe3553f3d2d9ffd3b"
                    }
                  }
                },
                "If_result_is_a_float": {
                  "actions": {
                    "Update_Performance_Indicator_with_Rollup_Value": {
                      "metadata": {
                        "operationMetadataId": "6c1da1bb-5f30-48c8-85b9-39d7e11fb916"
                      },
                      "type": "OpenApiConnection",
                      "inputs": {
                        "parameters": {
                          "entityName": "contoso_performanceindicators",
                          "recordId": "@triggerOutputs()?['body/contoso_performanceindicatorid']",
                          "item/contoso_actualoutput": "@outputs('Run_Calculation')?['body/Result']"
                        },
                        "host": {
                          "apiId": "/providers/Microsoft.PowerApps/apis/shared_commondataserviceforapps",
                          "operationId": "UpdateRecord",
                          "connectionName": "shared_commondataserviceforapps"
                        }
                      }
                    }
                  },
                  "runAfter": {
                    "Run_Calculation": [
                      "Succeeded"
                    ]
                  },
                  "else": {
                    "actions": {}
                  },
                  "expression": {
                    "equals": [
                      "@isFloat(string(outputs('Run_Calculation')?['body/Result']))",
                      true
                    ]
                  },
                  "metadata": {
                    "operationMetadataId": "cd9c123d-32dd-440e-9991-cea9fc070dc6"
                  },
                  "type": "If"
                }
              },
              "runAfter": {
                "Apply_to_each": [
                  "Succeeded"
                ]
              },
              "else": {
                "actions": {}
              },
              "expression": {
                "equals": [
                  "@Contains(variables('Rollup Formula'),'{')",
                  false
                ]
              },
              "metadata": {
                "operationMetadataId": "5cebe4eb-fcd8-4dda-84d3-806c0493d4d2"
              },
              "type": "If"
            }
          },
          "runAfter": {
            "Initialize_Tmp_Rollup_Formula_variable": [
              "Succeeded"
            ]
          },
          "else": {
            "actions": {}
          },
          "expression": {
            "and": [
              {
                "greater": [
                  "@length(variables('Rollup Formula')) ",
                  0
                ]
              },
              {
                "equals": [
                  "@Contains(variables('Rollup Formula'),'{')",
                  true
                ]
              }
            ]
          },
          "metadata": {
            "operationMetadataId": "bc49891c-f6c3-4fd4-af4b-6c35fe57eb8d"
          },
          "type": "If"
        }
      },
      "outputs": {}
    },
    "templateName": null
  },
  "schemaVersion": "1.0.0.0"
}