{
  "properties": {
    "connectionReferences": {
      "shared_commondataserviceforapps": {
        "runtimeSource": "embedded",
        "connection": {
          "connectionReferenceLogicalName": "contoso_DVReference"
        },
        "api": {
          "name": "shared_commondataserviceforapps"
        }
      },
      "shared_office365": {
        "runtimeSource": "invoker",
        "connection": {
          "connectionReferenceLogicalName": "new_sharedoffice365_0dff2"
        },
        "api": {
          "name": "shared_office365"
        }
      }
    },
    "definition": {
      "$schema": "https://schema.management.azure.com/providers/Microsoft.Logic/schemas/2016-06-01/workflowdefinition.json#",
      "contentVersion": "1.0.0.0",
      "parameters": {
        "$connections": {
          "defaultValue": {},
          "type": "Object"
        },
        "$authentication": {
          "defaultValue": {},
          "type": "SecureObject"
        }
      },
      "triggers": {
        "manual": {
          "metadata": {
            "operationMetadataId": "da0973b4-4ad6-48e5-b069-b24413359f57"
          },
          "type": "Request",
          "kind": "PowerAppV2",
          "inputs": {
            "schema": {
              "type": "object",
              "properties": {
                "text": {
                  "title": "IndicatorId",
                  "type": "string",
                  "x-ms-dynamically-added": true,
                  "description": "Please enter your input",
                  "x-ms-content-hint": "TEXT"
                },
                "text_1": {
                  "title": "EmailBody",
                  "type": "string",
                  "x-ms-dynamically-added": true,
                  "description": "Please enter your input",
                  "x-ms-content-hint": "TEXT"
                },
                "text_2": {
                  "title": "AdditionalUsers",
                  "type": "string",
                  "x-ms-dynamically-added": true,
                  "description": "Please enter your input",
                  "x-ms-content-hint": "TEXT"
                }
              },
              "required": [
                "text",
                "text_1",
                "text_2"
              ]
            }
          }
        }
      },
      "actions": {
        "Get_Indicator": {
          "runAfter": {
            "Apply_to_each": [
              "Succeeded"
            ]
          },
          "metadata": {
            "operationMetadataId": "3790fad5-c20d-40dc-9646-cc6b7cb5b8bf"
          },
          "type": "OpenApiConnection",
          "inputs": {
            "host": {
              "connectionName": "shared_commondataserviceforapps",
              "operationId": "GetItem",
              "apiId": "/providers/Microsoft.PowerApps/apis/shared_commondataserviceforapps"
            },
            "parameters": {
              "entityName": "contoso_performanceindicators",
              "recordId": "@triggerBody()['text']"
            },
            "authentication": "@parameters('$authentication')"
          }
        },
        "Send_an_email_(V2)": {
          "runAfter": {
            "Get_Business_Unit": [
              "Succeeded"
            ]
          },
          "metadata": {
            "operationMetadataId": "4d9e3aae-89bb-40c5-afdc-07f7aef11498"
          },
          "type": "OpenApiConnection",
          "inputs": {
            "host": {
              "connectionName": "shared_office365",
              "operationId": "SendEmailV2",
              "apiId": "/providers/Microsoft.PowerApps/apis/shared_office365"
            },
            "parameters": {
              "emailMessage/To": "admin@D365DEMOTSS243869.onmicrosoft.com;@{outputs('Get_Business_Unit')?['body/contoso_personresponsible/internalemailaddress']}",
              "emailMessage/Subject": "Reminder: Submit Performance Indicator(s) for period @{outputs('Get_Indicator')?['body/_contoso_reportingperiod_value']}",
              "emailMessage/Body": "<p>Hi,<br>\n<br>\nThis is a reminder to submit your performance indicator value(s) for:<br>\n<br>\nIndicator Ref: @{outputs('Get_Indicator')?['body/contoso_reference']}<br>\nIndicator Title: @{outputs('Get_Indicator')?['body/contoso_title']}<br>\nDue By: @{outputs('Get_Report_Period')?['body/contoso_deadlinedate']}<br>\n<br>\n@{triggerBody()['text_1']}<br>\n<br>\n<br>\n<a href=\"@{variables('PowerAppURL')}\" >Here is link to open app to submit values</a>\n<br><br>\nThank you,<br>\nIndicator Team</p>",
              "emailMessage/Cc": "@variables('SupportEmailAddress')",
              "emailMessage/Importance": "Normal"
            },
            "authentication": "@parameters('$authentication')"
          }
        },
        "Get_Report_Period": {
          "runAfter": {
            "Get_Indicator": [
              "Succeeded"
            ]
          },
          "metadata": {
            "operationMetadataId": "d128db93-bf1c-4544-9da5-59421f815c9c"
          },
          "type": "OpenApiConnection",
          "inputs": {
            "host": {
              "connectionName": "shared_commondataserviceforapps",
              "operationId": "GetItem",
              "apiId": "/providers/Microsoft.PowerApps/apis/shared_commondataserviceforapps"
            },
            "parameters": {
              "entityName": "contoso_reportcollections",
              "recordId": "@outputs('Get_Indicator')?['body/_contoso_reportingperiod_value']"
            },
            "authentication": "@parameters('$authentication')"
          }
        },
        "Get_Business_Unit": {
          "runAfter": {
            "Get_Report_Period": [
              "Succeeded"
            ]
          },
          "metadata": {
            "operationMetadataId": "0af0684c-4b5a-449f-b234-679f5b79c730"
          },
          "type": "OpenApiConnection",
          "inputs": {
            "host": {
              "connectionName": "shared_commondataserviceforapps",
              "operationId": "GetItem",
              "apiId": "/providers/Microsoft.PowerApps/apis/shared_commondataserviceforapps"
            },
            "parameters": {
              "entityName": "contoso_businessunits",
              "recordId": "@outputs('Get_Indicator')?['body/_contoso_assignedtobusinessunit_value']",
              "$expand": "contoso_PersonResponsible"
            },
            "authentication": "@parameters('$authentication')"
          }
        },
        "Respond_to_a_PowerApp_or_flow": {
          "runAfter": {
            "Send_an_email_(V2)": [
              "Succeeded"
            ]
          },
          "metadata": {
            "operationMetadataId": "2faf682c-ed6f-4630-b18b-4ae8bcbaeb98"
          },
          "type": "Response",
          "kind": "PowerApp",
          "inputs": {
            "statusCode": 200,
            "body": {
              "response": "Success"
            },
            "schema": {
              "type": "object",
              "properties": {
                "response": {
                  "title": "Response",
                  "x-ms-dynamically-added": true,
                  "type": "string"
                }
              }
            }
          }
        },
        "Get_Settings_Row": {
          "runAfter": {
            "Initialize_Support_Email_variable": [
              "Succeeded"
            ]
          },
          "metadata": {
            "operationMetadataId": "8efb4a50-0804-477d-bd6f-42ecde57d7ab"
          },
          "type": "OpenApiConnection",
          "inputs": {
            "host": {
              "connectionName": "shared_commondataserviceforapps",
              "operationId": "ListRecords",
              "apiId": "/providers/Microsoft.PowerApps/apis/shared_commondataserviceforapps"
            },
            "parameters": {
              "entityName": "contoso_kpimanagersettings",
              "$filter": "contoso_name eq 'Default'",
              "$top": 1
            },
            "authentication": "@parameters('$authentication')"
          }
        },
        "Initialize_Power_App_URL_variable": {
          "runAfter": {},
          "metadata": {
            "operationMetadataId": "0898a5e5-4ff0-4a64-aaa0-ca4b2a75021e"
          },
          "type": "InitializeVariable",
          "inputs": {
            "variables": [
              {
                "name": "PowerAppURL",
                "type": "string"
              }
            ]
          }
        },
        "Apply_to_each": {
          "foreach": "@outputs('Get_Settings_Row')?['body/value']",
          "actions": {
            "Set_Power_App_variable": {
              "runAfter": {},
              "metadata": {
                "operationMetadataId": "12abaa3b-0c68-4d58-8256-3e82894eed50"
              },
              "type": "SetVariable",
              "inputs": {
                "name": "PowerAppURL",
                "value": "@items('Apply_to_each')?['contoso_powerappurl']"
              }
            },
            "Set_Support_Email_variable": {
              "runAfter": {
                "Set_Power_App_variable": [
                  "Succeeded"
                ]
              },
              "metadata": {
                "operationMetadataId": "f002513d-2d3f-4b2d-9280-ea1d901c0a23"
              },
              "type": "SetVariable",
              "inputs": {
                "name": "SupportEmailAddress",
                "value": "@items('Apply_to_each')?['contoso_supportcontactemailaddress']"
              }
            }
          },
          "runAfter": {
            "Get_Settings_Row": [
              "Succeeded"
            ]
          },
          "metadata": {
            "operationMetadataId": "6e021b43-6e96-4c70-a228-d4f66883a79f"
          },
          "type": "Foreach"
        },
        "Initialize_Support_Email_variable": {
          "runAfter": {
            "Initialize_Power_App_URL_variable": [
              "Succeeded"
            ]
          },
          "metadata": {
            "operationMetadataId": "9b69a445-d12a-4364-9866-76b8c991ae85"
          },
          "type": "InitializeVariable",
          "inputs": {
            "variables": [
              {
                "name": "SupportEmailAddress",
                "type": "string"
              }
            ]
          }
        }
      }
    },
    "templateName": ""
  },
  "schemaVersion": "1.0.0.0"
}