{
  "properties": {
    "connectionReferences": {
      "shared_commondataserviceforapps": {
        "runtimeSource": "embedded",
        "connection": {
          "connectionReferenceLogicalName": "contoso_DVReference"
        },
        "api": {
          "name": "shared_commondataserviceforapps"
        }
      }
    },
    "definition": {
      "$schema": "https://schema.management.azure.com/providers/Microsoft.Logic/schemas/2016-06-01/workflowdefinition.json#",
      "contentVersion": "1.0.0.0",
      "parameters": {
        "$authentication": {
          "defaultValue": {},
          "type": "SecureObject"
        },
        "$connections": {
          "defaultValue": {},
          "type": "Object"
        }
      },
      "triggers": {
        "When_a_row_is_added,_modified_or_deleted": {
          "metadata": {
            "operationMetadataId": "0d85ec91-6f87-4f87-961f-d599a0f829f9"
          },
          "type": "OpenApiConnectionWebhook",
          "inputs": {
            "parameters": {
              "subscriptionRequest/message": 3,
              "subscriptionRequest/entityname": "contoso_reportcollection",
              "subscriptionRequest/scope": 4,
              "subscriptionRequest/filteringattributes": "contoso_createrecordsonsave",
              "subscriptionRequest/filterexpression": "contoso_createrecordsonsave eq 463270000",
              "subscriptionRequest/name": "38d04b23-b9af-ee11-a569-000d3a25b1bb"
            },
            "host": {
              "apiId": "/providers/Microsoft.PowerApps/apis/shared_commondataserviceforapps",
              "operationId": "SubscribeWebhookTrigger",
              "connectionName": "shared_commondataserviceforapps"
            }
          }
        }
      },
      "actions": {
        "Get_Performance_Indicator_Definitions": {
          "runAfter": {
            "Initialize_Status_variable": [
              "Succeeded"
            ]
          },
          "metadata": {
            "operationMetadataId": "e9ebb286-15d2-4fef-bf07-397e81c46568"
          },
          "type": "OpenApiConnection",
          "inputs": {
            "parameters": {
              "entityName": "contoso_performanceindicatordefinitions",
              "$filter": "contoso_reportingfrequency eq @{triggerOutputs()?['body/contoso_targetreportperiod']}"
            },
            "host": {
              "apiId": "/providers/Microsoft.PowerApps/apis/shared_commondataserviceforapps",
              "operationId": "ListRecords",
              "connectionName": "shared_commondataserviceforapps"
            }
          }
        },
        "Apply_to_each_performance_indicator_definition": {
          "foreach": "@outputs('Get_Performance_Indicator_Definitions')?['body/value']",
          "actions": {
            "Get_Existing_Related_Performance_Indicators": {
              "metadata": {
                "operationMetadataId": "7a78efca-9fa9-42ce-b6f5-26e8e03d2031"
              },
              "type": "OpenApiConnection",
              "inputs": {
                "parameters": {
                  "entityName": "contoso_performanceindicators",
                  "$filter": "contoso_reference eq '@{items('Apply_to_each_performance_indicator_definition')?['contoso_reference']}' and _contoso_reportingperiod_value eq '@{triggerOutputs()?['body/contoso_reportcollectionid']}'",
                  "$top": 1
                },
                "host": {
                  "apiId": "/providers/Microsoft.PowerApps/apis/shared_commondataserviceforapps",
                  "operationId": "ListRecords",
                  "connectionName": "shared_commondataserviceforapps"
                }
              }
            },
            "Condition": {
              "actions": {
                "Create_Performance_Indicator": {
                  "metadata": {
                    "operationMetadataId": "440af7c3-4ae7-44be-a38b-582375f6aaa5"
                  },
                  "type": "OpenApiConnection",
                  "inputs": {
                    "parameters": {
                      "entityName": "contoso_performanceindicators",
                      "item/contoso_aim": "@items('Apply_to_each_performance_indicator_definition')?['contoso_aim']",
                      "item/contoso_reference": "@items('Apply_to_each_performance_indicator_definition')?['contoso_reference']",
                      "item/contoso_reportingfrequency": "@items('Apply_to_each_performance_indicator_definition')?['contoso_reportingfrequency']",
                      "item/contoso_ReportingPeriod@odata.bind": "contoso_reportcollections(@{triggerOutputs()?['body/contoso_reportcollectionid']})",
                      "item/contoso_title": "@items('Apply_to_each_performance_indicator_definition')?['contoso_title']",
                      "item/contoso_AssignedtoBusinessUnit@odata.bind": "contoso_businessunits(@{items('Apply_to_each_performance_indicator_definition')?['_contoso_responsiblebusinessunit_value']})",
                      "item/contoso_elementcollectionstatus": 463270001,
                      "item/contoso_PerformanceIndicatorDefin@odata.bind": "contoso_performanceindicatordefinitions(@{items('Apply_to_each_performance_indicator_definition')?['contoso_performanceindicatordefinitionid']})"
                    },
                    "host": {
                      "apiId": "/providers/Microsoft.PowerApps/apis/shared_commondataserviceforapps",
                      "operationId": "CreateRecord",
                      "connectionName": "shared_commondataserviceforapps"
                    }
                  }
                },
                "Set_PerformanceIndicatorGUID_variable_to_new": {
                  "runAfter": {
                    "Create_Performance_Indicator": [
                      "Succeeded"
                    ]
                  },
                  "metadata": {
                    "operationMetadataId": "36a0361b-abcd-4e68-922c-1ada03256fb3"
                  },
                  "type": "SetVariable",
                  "inputs": {
                    "name": "PerformanceIndicatorGUID",
                    "value": "@outputs('Create_Performance_Indicator')?['body/contoso_performanceindicatorid']"
                  }
                },
                "Append_to_array_variable": {
                  "runAfter": {
                    "Set_PerformanceIndicatorGUID_variable_to_new": [
                      "Succeeded"
                    ]
                  },
                  "metadata": {
                    "operationMetadataId": "85f062db-1ae9-4e27-abdf-ebd6549f775c"
                  },
                  "type": "AppendToArrayVariable",
                  "inputs": {
                    "name": "Status",
                    "value": "@{utcNow()} - Created new indicator: @{outputs('Create_Performance_Indicator')?['body/contoso_reference']}"
                  }
                }
              },
              "runAfter": {
                "Set_PerformanceIndicatorGUID_variable_to_empty": [
                  "Succeeded"
                ]
              },
              "else": {
                "actions": {
                  "Updated_Existing_Indicator": {
                    "metadata": {
                      "operationMetadataId": "70d09afc-030a-470a-b929-9a897c4ab8a2"
                    },
                    "type": "Compose",
                    "inputs": "update"
                  },
                  "Apply_to_each": {
                    "foreach": "@outputs('Get_Existing_Related_Performance_Indicators')?['body/value']",
                    "actions": {
                      "Set_PerformanceIndicatorGUID_variable_to_existing": {
                        "metadata": {
                          "operationMetadataId": "b6f46c8c-e655-4a85-984c-aae61c77fc8a"
                        },
                        "type": "SetVariable",
                        "inputs": {
                          "name": "PerformanceIndicatorGUID",
                          "value": "@items('Apply_to_each')?['contoso_performanceindicatorid']"
                        }
                      }
                    },
                    "runAfter": {
                      "Updated_Existing_Indicator": [
                        "Succeeded"
                      ]
                    },
                    "metadata": {
                      "operationMetadataId": "a8fb554a-9a38-4ce9-bbe0-f548113e9661"
                    },
                    "type": "Foreach",
                    "runtimeConfiguration": {
                      "concurrency": {
                        "repetitions": 1
                      }
                    }
                  }
                }
              },
              "expression": {
                "equals": [
                  "@length(outputs('Get_Existing_Related_Performance_Indicators')?['body/value'])",
                  0
                ]
              },
              "metadata": {
                "operationMetadataId": "fcf6027a-ab23-42f4-b9c1-830322d7934b"
              },
              "type": "If"
            },
            "Get_Related_Data_Element_Defintions": {
              "runAfter": {
                "Condition": [
                  "Succeeded"
                ]
              },
              "metadata": {
                "operationMetadataId": "808a256f-2a65-4420-bff7-acf737ea01f9"
              },
              "type": "OpenApiConnection",
              "inputs": {
                "parameters": {
                  "entityName": "contoso_dataelementdefinitions",
                  "$filter": "_contoso_performanceindicatordefin_value eq '@{items('Apply_to_each_performance_indicator_definition')?['contoso_performanceindicatordefinitionid']}'"
                },
                "host": {
                  "apiId": "/providers/Microsoft.PowerApps/apis/shared_commondataserviceforapps",
                  "operationId": "ListRecords",
                  "connectionName": "shared_commondataserviceforapps"
                }
              }
            },
            "Apply_to_each_Data_Element_Definition": {
              "foreach": "@outputs('Get_Related_Data_Element_Defintions')?['body/value']",
              "actions": {
                "Compose": {
                  "metadata": {
                    "operationMetadataId": "d5c6ce20-c4bf-4b89-a4fe-0652fede219e"
                  },
                  "type": "Compose",
                  "inputs": "@items('Apply_to_each_Data_Element_Definition')?['contoso_reference']"
                },
                "Get_Related_Data_Element": {
                  "runAfter": {
                    "Compose": [
                      "Succeeded"
                    ]
                  },
                  "metadata": {
                    "operationMetadataId": "fc1d1a88-42ef-4762-a8b3-173307ba5224"
                  },
                  "type": "OpenApiConnection",
                  "inputs": {
                    "parameters": {
                      "entityName": "contoso_dataelements",
                      "$filter": "_contoso_performanceindicator_value eq '@{variables('PerformanceIndicatorGUID')}' and _contoso_dataelementdefinition_value eq '@{items('Apply_to_each_Data_Element_Definition')?['contoso_dataelementdefinitionid']}'",
                      "$top": 1
                    },
                    "host": {
                      "apiId": "/providers/Microsoft.PowerApps/apis/shared_commondataserviceforapps",
                      "operationId": "ListRecords",
                      "connectionName": "shared_commondataserviceforapps"
                    }
                  }
                },
                "Condition_2": {
                  "actions": {
                    "Create_Data_Element": {
                      "metadata": {
                        "operationMetadataId": "4956a2f5-285a-4e1b-be77-649ccf728f19"
                      },
                      "type": "OpenApiConnection",
                      "inputs": {
                        "parameters": {
                          "entityName": "contoso_dataelements",
                          "item/contoso_ForPeriod@odata.bind": "contoso_reportcollections(@{triggerOutputs()?['body/contoso_reportcollectionid']})",
                          "item/contoso_name": "@items('Apply_to_each_Data_Element_Definition')?['contoso_reference']",
                          "item/contoso_title": "@items('Apply_to_each_Data_Element_Definition')?['contoso_title']",
                          "item/contoso_completionstatus": 463270001,
                          "item/contoso_DataElementDefinition@odata.bind": "contoso_dataelementdefinitions(@{items('Apply_to_each_Data_Element_Definition')?['contoso_dataelementdefinitionid']})",
                          "item/contoso_dueby": "@triggerOutputs()?['body/contoso_deadlinedate']",
                          "item/contoso_itemnumber": "@items('Apply_to_each_Data_Element_Definition')?['contoso_itemnumber']",
                          "item/contoso_PerformanceIndicator@odata.bind": "contoso_performanceindicators(@{variables('PerformanceIndicatorGUID')})"
                        },
                        "host": {
                          "apiId": "/providers/Microsoft.PowerApps/apis/shared_commondataserviceforapps",
                          "operationId": "CreateRecord",
                          "connectionName": "shared_commondataserviceforapps"
                        }
                      }
                    },
                    "Append_to_array_variable_2": {
                      "runAfter": {
                        "Create_Data_Element": [
                          "Succeeded"
                        ]
                      },
                      "metadata": {
                        "operationMetadataId": "c2bf46b1-e061-4165-ac92-95d27c121658"
                      },
                      "type": "AppendToArrayVariable",
                      "inputs": {
                        "name": "Status",
                        "value": "- Created data element: @{outputs('Create_Data_Element')?['body/contoso_name']}"
                      }
                    }
                  },
                  "runAfter": {
                    "Get_Related_Data_Element": [
                      "Succeeded"
                    ]
                  },
                  "else": {
                    "actions": {
                      "Compose_2": {
                        "metadata": {
                          "operationMetadataId": "aebd7216-5e0c-4482-85d4-cd045298a368"
                        },
                        "type": "Compose",
                        "inputs": "Update data element"
                      }
                    }
                  },
                  "expression": {
                    "equals": [
                      "@length(outputs('Get_Related_Data_Element')?['body/value'])",
                      0
                    ]
                  },
                  "metadata": {
                    "operationMetadataId": "f7fc7123-cee3-4536-aeb8-091823d57c5e"
                  },
                  "type": "If"
                }
              },
              "runAfter": {
                "Get_Related_Data_Element_Defintions": [
                  "Succeeded"
                ]
              },
              "metadata": {
                "operationMetadataId": "edce399a-8ad2-4f35-a722-c40c13dcc492"
              },
              "type": "Foreach"
            },
            "Set_PerformanceIndicatorGUID_variable_to_empty": {
              "runAfter": {
                "Get_Existing_Related_Performance_Indicators": [
                  "Succeeded"
                ]
              },
              "metadata": {
                "operationMetadataId": "7a6d744b-e2f9-46a7-8c2c-e81be7c86897"
              },
              "type": "SetVariable",
              "inputs": {
                "name": "PerformanceIndicatorGUID",
                "value": "\"\""
              }
            }
          },
          "runAfter": {
            "Get_Performance_Indicator_Definitions": [
              "Succeeded"
            ]
          },
          "metadata": {
            "operationMetadataId": "7afc5db0-38b8-4036-8c6c-66b4c85bd00d"
          },
          "type": "Foreach",
          "runtimeConfiguration": {
            "concurrency": {
              "repetitions": 1
            }
          }
        },
        "Initialize_PerformanceIndicatorGUID_variable": {
          "runAfter": {},
          "metadata": {
            "operationMetadataId": "72441c2a-a4ab-4a84-a772-b9b0a4fc25d3"
          },
          "type": "InitializeVariable",
          "inputs": {
            "variables": [
              {
                "name": "PerformanceIndicatorGUID",
                "type": "string"
              }
            ]
          }
        },
        "Initialize_Status_variable": {
          "runAfter": {
            "Initialize_PerformanceIndicatorGUID_variable": [
              "Succeeded"
            ]
          },
          "metadata": {
            "operationMetadataId": "22b75dbb-7bf9-48c1-94be-0b1ee584311e"
          },
          "type": "InitializeVariable",
          "inputs": {
            "variables": [
              {
                "name": "Status",
                "type": "array"
              }
            ]
          }
        },
        "Update_report_collection_row_with_status": {
          "runAfter": {
            "Apply_to_each_performance_indicator_definition": [
              "Succeeded"
            ]
          },
          "metadata": {
            "operationMetadataId": "6cd24da7-4046-4e40-ad56-a650d619494d"
          },
          "type": "OpenApiConnection",
          "inputs": {
            "parameters": {
              "entityName": "contoso_reportcollections",
              "recordId": "@triggerOutputs()?['body/contoso_reportcollectionid']",
              "item/contoso_createrecordsonsave": 463270001,
              "item/contoso_statusnote": "@if(empty(variables('Status')), concat(utcNow(),' - No records created') , join(variables('Status'),decodeUriComponent('%0A')))"
            },
            "host": {
              "apiId": "/providers/Microsoft.PowerApps/apis/shared_commondataserviceforapps",
              "operationId": "UpdateRecord",
              "connectionName": "shared_commondataserviceforapps"
            }
          }
        }
      },
      "outputs": {}
    },
    "templateName": null
  },
  "schemaVersion": "1.0.0.0"
}