{
  "properties": {
    "connectionReferences": {
      "shared_commondataserviceforapps": {
        "runtimeSource": "embedded",
        "connection": {
          "connectionReferenceLogicalName": "contoso_DVReference"
        },
        "api": {
          "name": "shared_commondataserviceforapps"
        }
      }
    },
    "definition": {
      "$schema": "https://schema.management.azure.com/providers/Microsoft.Logic/schemas/2016-06-01/workflowdefinition.json#",
      "contentVersion": "1.0.0.0",
      "parameters": {
        "$authentication": {
          "defaultValue": {},
          "type": "SecureObject"
        },
        "$connections": {
          "defaultValue": {},
          "type": "Object"
        }
      },
      "triggers": {
        "When_a_row_is_added,_modified_or_deleted": {
          "metadata": {
            "operationMetadataId": "2e487267-b162-4918-bf15-df9e3bf5fb63"
          },
          "type": "OpenApiConnectionWebhook",
          "inputs": {
            "parameters": {
              "subscriptionRequest/message": 3,
              "subscriptionRequest/entityname": "contoso_dataelement",
              "subscriptionRequest/scope": 4,
              "subscriptionRequest/filteringattributes": "contoso_completionstatus",
              "subscriptionRequest/runas": 3,
              "subscriptionRequest/name": "fcf6180b-a5b3-ee11-a569-000d3a25b1bb"
            },
            "host": {
              "apiId": "/providers/Microsoft.PowerApps/apis/shared_commondataserviceforapps",
              "operationId": "SubscribeWebhookTrigger",
              "connectionName": "shared_commondataserviceforapps"
            }
          }
        }
      },
      "actions": {
        "If_data_element_status_is_complete": {
          "actions": {
            "Get_Incomplete_Data_Elements": {
              "metadata": {
                "operationMetadataId": "a3dcf543-425f-4fb5-8c5e-c540125daf54"
              },
              "type": "OpenApiConnection",
              "inputs": {
                "parameters": {
                  "entityName": "contoso_dataelements",
                  "$filter": "_contoso_performanceindicator_value eq '@{triggerBody()?['_contoso_performanceindicator_value']}' and contoso_completionstatus ne 463270000"
                },
                "host": {
                  "apiId": "/providers/Microsoft.PowerApps/apis/shared_commondataserviceforapps",
                  "operationId": "ListRecords",
                  "connectionName": "shared_commondataserviceforapps"
                }
              }
            },
            "If_no_incomplete_data_elements": {
              "actions": {
                "Update_Performance_Indicator_Status_to_Complete": {
                  "metadata": {
                    "operationMetadataId": "f2fb8a4b-9cd9-4cc6-89c9-01bf59173189"
                  },
                  "type": "OpenApiConnection",
                  "inputs": {
                    "parameters": {
                      "entityName": "contoso_performanceindicators",
                      "recordId": "@triggerOutputs()?['body/_contoso_performanceindicator_value']",
                      "item/contoso_elementcollectionstatus": 463270000
                    },
                    "host": {
                      "apiId": "/providers/Microsoft.PowerApps/apis/shared_commondataserviceforapps",
                      "operationId": "UpdateRecord",
                      "connectionName": "shared_commondataserviceforapps"
                    }
                  }
                }
              },
              "runAfter": {
                "Get_Incomplete_Data_Elements": [
                  "Succeeded"
                ]
              },
              "else": {
                "actions": {}
              },
              "expression": {
                "equals": [
                  "@length(outputs('Get_Incomplete_Data_Elements')?['body/value'])",
                  0
                ]
              },
              "metadata": {
                "operationMetadataId": "bca66a60-ae4a-43a1-9a1d-cc15ecbee504"
              },
              "type": "If"
            }
          },
          "runAfter": {},
          "else": {
            "actions": {}
          },
          "expression": {
            "and": [
              {
                "equals": [
                  "@triggerOutputs()?['body/_contoso_completionstatus_label']",
                  "Complete"
                ]
              }
            ]
          },
          "metadata": {
            "operationMetadataId": "9a23e663-8aad-4994-bf21-ed598ace4894"
          },
          "type": "If"
        }
      },
      "outputs": {}
    },
    "templateName": null
  },
  "schemaVersion": "1.0.0.0"
}