<ImportExportXml xmlns:xsi="http://www.w3.org/2001/XMLSchema-instance">
  <Entities></Entities>
  <Roles></Roles>
  <Workflows></Workflows>
  <FieldSecurityProfiles></FieldSecurityProfiles>
  <Templates />
  <EntityMaps />
  <EntityRelationships />
  <OrganizationSettings />
  <optionsets />
  <CustomControls />
  <EntityDataProviders />
  <Connectors>
    <Connector>
      <connectorid>2afb7375-1940-4db4-a932-b44860682276</connectorid>
      <description>Calculates result from a math formula as a string</description>
      <displayname>Math Calculator</displayname>
      <iconbrandcolor>#3B67FF</iconbrandcolor>
      <name>contoso_5Fmath-20calculator</name>
      <connectortype>1</connectortype>
      <scriptoperations>["RunCalculation"]</scriptoperations>
      <openapidefinition>/Connector/contoso_5Fmath-20calculator_openapidefinition.json</openapidefinition>
      <connectionparameters>/Connector/contoso_5Fmath-20calculator_connectionparameters.json</connectionparameters>
      <policytemplateinstances>/Connector/contoso_5Fmath-20calculator_policytemplateinstances.json</policytemplateinstances>
      <customcodeblobcontent>/Connector/contoso_5Fmath-20calculator_customcodeblobcontent.csx</customcodeblobcontent>
      <iconblob>/Connector/contoso_5Fmath-20calculator_iconblob.Png</iconblob>
    </Connector>
  </Connectors>
  <Languages>
    <Language>1033</Language>
  </Languages>
</ImportExportXml>